age,sex,prev,i,f,r,i_apc,f_apc,r_apc
0,female,0.00031070142883493184,0.0,0.0,0.20574323603507055,0.0037344055102027816,-0.008804091897360308,0.01286082681615324
0,male,0.00029965637918160704,0.0,0.0,0.1919907400114601,-0.0010880498892134709,-0.03466163904922731,-0.014291872207811118
1,female,0.0003405789665741989,0.00013527534992176132,0.0009707617247463059,0.13254186015782293,0.00394467086896349,-0.006584971686467099,0.015190892843067374
1,male,0.00032840330191688023,0.00013413817583691343,0.0007563742300574886,0.12257811695152851,-0.0006279688527546191,-0.032196650644218505,-0.012965033087095682
2,female,0.0003585054892177591,0.00013683532434796564,0.0009234796328169884,0.08540848885760874,0.004154963908963501,-0.004360450622892129,0.017527020554891963
2,male,0.0003456514555580442,0.00013539885439194902,0.0007224483793297887,0.07826848281890145,-0.00016786371232195996,-0.02972668887431414,-0.011633168526199559
3,female,0.0005597920597169999,0.00013920791691355474,0.0006971141820432428,0.05505104663987129,0.0043652846347815915,-0.0021305160374975735,0.019869224890852223
3,male,0.00053992129206376,0.00013757452853765468,0.0005545704417644087,0.04998059229242741,0.00029226553586649863,-0.02725174250734088,-0.010296267264403327
4,female,0.000689372539642,0.0001405404463206615,0.0004895995398077716,0.035493020562261966,0.0045756330510076555,0.000104844768622726,0.02221752082699318
4,male,0.0006651985140048199,0.00013884762293501143,0.00039908956538331134,0.03191946643137944,0.0007524188955439796,-0.024771800285779376,-0.008954318015739454
5,female,0.0008189530195669999,0.00014152511689390936,0.00034718819422524706,0.022889148004898937,0.0047860091622291216,0.002345644524100493,0.024571923376255994
5,male,0.00079047573594588,0.0001398084250026087,0.00029203319464314164,0.020386789546499445,0.0012125963704724884,-0.022286850926657095,-0.007607309468958275
6,female,0.0009485334994920001,0.00014251255900261998,0.00024614707750432083,0.014764617272243158,0.004996412973036991,0.004591895987446821,0.026932447588601475
6,male,0.0009157529578869399,0.00014077251644662884,0.0002158974589446211,0.01302207882394522,0.001672797964414884,-0.019796883121540133,-0.006255230287463175
7,female,0.0010781139794169999,0.00014350747521752247,0.0001787280144468348,0.009526150269113428,0.005206844488009601,0.006843611947143811,0.029299108551075013
7,male,0.001041030179828,0.00014174909308187745,0.00016417928868633867,0.00831858301732504,0.002133023681120171,-0.017301885536455994,-0.004898069109243723
8,female,0.0012234472013721999,0.0001445248546230012,0.00015713408099751297,0.006147694025303174,0.005417303711754153,0.009100805221608632,0.0316719213878965
8,male,0.0011828289657988,0.00014276637480533437,0.000144221469830065,0.005314412447725882,0.0025932735243449174,-0.014801846811819837,-0.0035358145468472116
9,female,0.0013687804233274,0.00014555221673690917,0.00014764981400612137,0.003968292659919966,0.005627790648839445,0.01136348865935569,0.034050901260557515
9,male,0.0013246277517695998,0.0001437975517642786,0.00013363947816964433,0.003395450115793419,0.003053547497839663,-0.012296755562384468,-0.0021684551873085746
10,female,0.0015141136452825998,0.00014658265972926102,0.00013972580066951037,0.002562057996553551,0.005838305303877553,0.01363167513904643,0.03643606336793759
10,male,0.0014664265377403998,0.0001448323733143021,0.00012494888548164214,0.002169576641410554,0.0035138456053690776,-0.009786600377225571,-0.0007959795920551051
11,female,0.0016594468672378002,0.0001476161836000568,0.00013294612018423021,0.002744914206855028,0.005445042750107103,0.012123631251988605,0.03954984119267262
11,male,0.0016082253237112,0.00014587083945540486,0.00011764266712515323,0.002369896236751128,0.0033830373660169565,-0.011013207612275712,0.0013195670015528488
12,female,0.0018047800891930002,0.00015076088885177249,0.00012877904623917797,0.00294142057062962,0.005051968713048464,0.010617607732002626,0.042673902836727284
12,male,0.001750024109682,0.0001490735249591984,0.00011395028147313685,0.0025889159926615357,0.0032524202004270922,-0.01223759022168316,0.0034440919008350557
13,female,0.0019727665113384,0.0001624389268104881,0.00013185142125163364,0.00315261931799209,0.004659083111272299,0.009113601714117167,0.04580828090812926
13,male,0.0019161375277209998,0.00016100332557701175,0.00012073592238900772,0.002828396400841226,0.003121994024905537,-0.013459751528057985,0.0055776216969115125
14,female,0.0021407529334838,0.00017636668512680017,0.0001355957375643477,0.003379633634582858,0.004266385863372192,0.007611610337494511,0.04895300811829674
14,male,0.00208225094576,0.00017520599912127253,0.0001283567816206009,0.0030902648243003907,0.00299175875577414,-0.014679694848948755,0.007720183059685099
15,female,0.0023087393556292,0.00019042058529392054,0.00013825762773634758,0.003623674026024369,0.0038738768880029802,0.006111630745396042,0.052108117282391
15,male,0.002248364363799,0.00018949272284719324,0.00013429517674445546,0.0033766314042623646,0.0028617143093696683,-0.015897423497069456,0.00987180273800109
16,female,0.0024767257777746003,0.00020391929261279792,0.0001427033706880233,0.0039226712944749635,0.004760592498775866,0.00451580948634508,0.05143652829766664
16,male,0.0024144777818380005,0.00020388919783087965,0.00014113431911036225,0.0036885081591017965,0.003218860861064805,-0.017301411983501273,0.010571505322103728
17,female,0.0026447121999200003,0.00021820315896572387,0.00014595102439265964,0.004246408318983353,0.005647496219451072,0.0029219943103469207,0.05077538720962319
17,male,0.0025805911998770005,0.0002191273503115206,0.0001463885417395439,0.0040295069515001065,0.003576198068313736,-0.01870319240764963,0.011280319957370624
18,female,0.0029038150397260004,0.00023551940421246063,0.00014624237583011729,0.004596937197946922,0.0065345879687878075,0.0013301823726991503,0.05012472714656455
18,male,0.0028404329393716004,0.00023748604641238665,0.00014820007882780293,0.00440237002049435,0.0039337258476057745,-0.02010276806728791,0.011998273631075217
19,female,0.003162917879532,0.00025359186815313944,0.0001459076373937896,0.0049764806236488,0.007421867665549279,-0.00025962916714563234,0.0494845813418239
19,male,0.0031002746788662,0.0002566843852613852,0.00014912101726485198,0.004810099580488828,0.004291444115452755,-0.02150014225541223,0.01272539341038341
20,female,0.003422020719338,0.0002717147496752337,0.00014563489770225661,0.005387446092357828,0.008309335228576182,-0.0018474431458351728,0.0488549831341257
20,male,0.0033601164183608002,0.00027599869477795127,0.00014989798039115201,0.005255982607090065,0.004649352788375239,-0.022895318259938173,0.013461706442657324
21,female,0.003681123559144,0.0002898880487787435,0.00014541093590607302,0.0048099230884314035,0.010486782744282185,-0.0014786882882775335,0.06499032347774637
21,male,0.0036199581578554,0.0002954289749620848,0.00015056232858403563,0.005008487911587192,0.0062712608422091,-0.02236402490338535,0.030964288826082008
22,female,0.00394022639895,0.0003067063301325458,0.000145335937180984,0.004294376242765097,0.01266495733323135,-0.0011096282137115403,0.08150841237058179
22,male,0.00387979989735,0.0003135139769558543,0.00014997052227425442,0.0047729906096600746,0.007893863355987824,-0.021832519091425383,0.04884172132203233
23,female,0.004258082658456,0.00031790156707302845,0.00014575920241104663,0.0038341470323989286,0.014843859613544577,-0.0007402627527964738,0.09841653748470082
23,male,0.004200096157834001,0.0003258030782349542,0.00014478099169767632,0.004548888023480021,0.009517160911015999,-0.021300800725228195,0.06710107214700586
24,female,0.004575938917962,0.00032765630751871845,0.00014637394792619047,0.003423293177458077,0.017023490203844124,-0.00037059173592052935,0.11572212525216481
24,male,0.004520392418318,0.00033663405194549244,0.00013913588705401816,0.004335609095148812,0.011141154089132303,-0.020768869705945086,0.085749542796654
25,female,0.004893795177468001,0.000337437311857937,0.00014691756760309703,0.0030565114963827383,0.019203849723306035,-6.149936402572234e-07,0.13343274350701495
25,male,0.004840688678802,0.00034752579559737043,0.0001342416750779872,0.004132612638710247,0.012765843472642393,-0.020236725934731244,0.10479447055880627
26,female,0.0052116514369740016,0.00034724458009068395,0.0001474033183962938,0.0027290690817332692,0.02138493879160084,0.0003696676438794781,0.1515561041774322
26,male,0.005160984939285999,0.00035847830919058825,0.0001299576838583877,0.003939385694915584,0.014391229644303762,-0.019704369312617945,0.12424333107402549
27,female,0.005529507696480001,0.00035645969359582395,0.00014820289692576104,0.0024367418978150676,0.02356675802896175,0.0007402563464054615,0.16533400621470845
27,male,0.00548128119977,0.0003688705253698879,0.00012850312145216926,0.003755441982263619,0.016017313187467692,-0.019171799740514,0.14254989227893755
28,female,0.005886026656798001,0.0003632330266288338,0.00015036049924944923,0.002175759998600949,0.02574930805611357,0.001111151283756144,0.1613673921383419
28,male,0.005841700541254001,0.0003768235409871278,0.0001365578581236049,0.0035803204382807434,0.017644094685825132,-0.01863901711965285,0.14017297515946214
29,female,0.006242545617116,0.00036947037196391605,0.00015260359773469644,0.0019427586511247654,0.02793258949436194,0.0014823526260418123,0.15740077806197544
29,male,0.006202119882738,0.000384210225352834,0.00014604999588656433,0.0034135838454101806,0.01927157472369783,-0.01810602135075339,0.13779605803998668
30,female,0.006599064577434,0.00037572376974683936,0.00015461387949304722,0.001734734726821859,0.030116602965462445,0.0018538605431853167,0.15343416398560894
30,male,0.006562539224221998,0.00039163490717107456,0.000154496030396986,0.0032548175362614217,0.020899753885789577,-0.01757281233482444,0.13541914092051127
31,female,0.006955583537752,0.00037949710677512906,0.00015662971711515863,0.002152917897469303,0.02597738720940064,0.003924182670206235,0.15746926690194885
31,male,0.006922958565706,0.0003943886168149304,0.00016229787926188836,0.0037869809394325033,0.016552181538113036,-0.015311689083644178,0.14019120750101835
32,female,0.007312102498069999,0.00038370346043805666,0.0001617970213431236,0.002672449899761605,0.021845866602642157,0.005999138887008734,0.16150436981828878
32,male,0.007283377907189999,0.0003974576532200879,0.00017559583172417837,0.004408556918297602,0.012212214375579806,-0.013046305442292367,0.14496327408152543
33,female,0.007694250236735999,0.0003898143674499728,0.00017986145433454404,0.0033180424055637447,0.017722019952842227,0.008078739188855426,0.1419128985420448
33,male,0.007670361725627999,0.00040210137467345326,0.00021278370467977826,0.005135090608440859,0.00787983141839622,-0.010776652559693496,0.12145065571512076
34,female,0.008076397975402,0.00039633876666009905,0.000199667881169337,0.0041204742787987825,0.013605826125978089,0.01016299359235463,0.11482724272498239
34,male,0.008057345544066,0.00040701394048260186,0.00025302322931706404,0.0059849484431830045,0.003555011744664943,-0.008502721566242696,0.09493803669288867
35,female,0.008458545714067999,0.00040277323453474236,0.00021777685781938417,0.005118093050982118,0.009497264046286617,0.012251912135932878,0.08856488128284021
35,male,0.008444329362504001,0.0004117706688741056,0.0002897070476814409,0.006979858483289648,-0.0007622655097955389,-0.006224503573992289,0.06926071575076358
36,female,0.008840693452734,0.00040911777107390294,0.00023440901961067787,0.006358691390470239,0.005396312696014055,0.014345504879469105,0.06310403410285226
36,male,0.008831313180942,0.0004163715598479645,0.00032330372850353163,0.008145561336516505,-0.005072021151625292,-0.003941989676686082,0.04439639051118806
37,female,0.0092228411914,0.0004478941436888099,0.00026043868341422825,0.007901853220093817,0.001302951115255144,0.016443781904681657,0.03842349726174534
37,male,0.00921829699938,0.000453605452877835,0.0003644333395931731,0.009512596188485713,-0.009374275930107574,-0.0016551709491811205,0.0203233540670036
38,female,0.009982822752652,0.0006160568532846593,0.000326798120746699,0.009821888328100246,-0.0027828415980735216,0.01854675331496444,0.014502627782595652
38,male,0.009983305959420001,0.0006204048581743472,0.00044276750811382114,0.011117252434884184,-0.013669050537120309,0.0006359615520512849,-0.0029795209155967645
39,female,0.010742804313904003,0.000814380684805362,0.0003953545891428865,0.012211504780056759,-0.006861086288579742,0.02065442923542885,-0.008678671205841131
39,male,0.010748314919460001,0.0008158855281386138,0.0005214975445049155,0.013002724985278236,-0.01795636560767551,0.002931416788765039,-0.025532797673542544
40,female,0.011502785875156001,0.0010105293584916034,0.0004551149676770723,0.015186406828986443,-0.010931803743426307,0.022766819813285988,-0.0311399649147428
40,male,0.0115133238795,0.0010075190239935698,0.0005900189403707215,0.015220520987288983,-0.022236241719729294,0.005231203741930319,-0.04735649040679851
41,female,0.012262767436408,0.0012045028743433834,0.0005077232150229826,0.0135687371899683,-0.011054413278988297,0.021675474687882966,-0.022937176972136458
41,male,0.012278332839540001,0.0011953053457392146,0.0006502494870173314,0.014648079800099327,-0.022641658461560285,0.004344956983250602,-0.03862093563852022
42,female,0.01302274899766,0.0014184006592702018,0.0005598736293678689,0.012126710434707358,-0.011175508808268054,0.020585138054356602,-0.014716575424093485
42,male,0.013043341799580001,0.001396882042206952,0.0007091998611260385,0.014110263068270857,-0.023045630081395322,0.003459903664042352,-0.029869177488926875
43,female,0.015304219996088003,0.0017180865578625693,0.000626529309147752,0.010841011599438035,-0.01129508845615729,0.019495808909021792,-0.006478084131179354
43,male,0.015292635035982001,0.0016643706581964339,0.000782245824969598,0.013605625404453313,-0.023448154817360973,0.0025760424853597326,-0.02110114971509438
44,female,0.017585690994516002,0.0020361150669159617,0.0006832024499673737,0.009694470525530258,-0.011413150345179599,0.018407486248772482,0.0017783733707329458
44,male,0.017541928272384,0.0019435209305228684,0.0008443456196437406,0.013132856332522497,-0.023849230905305528,0.0016933721500201567,-0.01231678580525372
45,female,0.019867161992944006,0.002350512603136585,0.0007270891225622954,0.00867182185384059,-0.011529692595536564,0.01732016907190683,0.010052873874228738
45,male,0.019791221508786,0.002216738275350082,0.0008925285070683498,0.012690781217309252,-0.024248856579016147,0.0008118913617758572,-0.0035160189730934262
46,female,0.022148632991372007,0.0026900884641715534,0.0007608129500245511,0.007497985923199064,-0.01000503291112038,0.015857622807739023,0.01342644833697971
46,male,0.022040514745188002,0.0025152937473984375,0.0009304625827191654,0.011758744662467225,-0.022663171980812646,-0.00046482331064603933,-0.000650362381319233
47,female,0.024430103989800004,0.003000674512439042,0.0008047451115277957,0.006484755273260396,-0.008478849821514969,0.014396080026193124,0.01681822036982624
47,male,0.02428980798159,0.0027853326720912396,0.0009821999993981866,0.010895839245444511,-0.021076033429492904,-0.0017403510236338616,0.0022318315216213044
48,female,0.027955382787180003,0.0031838254404118523,0.0009066058066459692,0.00560988061534975,-0.006951141439886876,0.012935539728353707,0.020228267753283607
48,male,0.027630970179124,0.0029366775553224464,0.0011073670979901177,0.010096878149836924,-0.019487439152264904,-0.0030146930683132562,0.005130630343022191
49,female,0.031480661584560005,0.0033364989300257346,0.0010029164747376394,0.004854239906993713,-0.005421905877167975,0.01147600091648555,0.02365666860020511
49,male,0.030972132376658,0.0030597479816036593,0.00122716545841072,0.009357068959999867,-0.01789738737423008,-0.004287850735186161,0.00804610196645018
50,female,0.03500594038194001,0.0034905596333402217,0.0010795746557854138,0.00420139132100169,-0.0038911412418686253,0.010017462593402547,0.027103501357083577
50,male,0.03431329457419201,0.003183354608106429,0.0013236877538963703,0.00867198319879279,-0.016305876318403544,-0.005559825313193744,0.010978314552705946
51,female,0.03853121917932001,0.003646007550355316,0.0011420464362125518,0.00430677378996464,-0.00396435651771808,0.007085789253542618,0.026190795962570824
51,male,0.037654456771726005,0.003307497434830756,0.0014032088152747973,0.009050923832382467,-0.016269975790336438,-0.008275935804903841,0.009558045181512298
52,female,0.042056497976700004,0.003782524756303887,0.0012161254353401834,0.004415796936417821,-0.004037436374265318,0.004160205527837402,0.02527809138007208
52,male,0.04099561896926,0.0034196340547986907,0.0015032317701142775,0.009446969081564994,-0.01623394555276253,-0.010985624591958568,0.008137833206049928
53,female,0.045788156979139995,0.003838531862906744,0.0013676922237015122,0.004528572733808675,-0.0041103808615281096,0.0012406964466344927,0.024365387611980115
53,male,0.044579748376948,0.003481619122201754,0.001722289363469854,0.00986090561672218,-0.01619778565292092,-0.013688907973510404,0.006717678614855558
54,female,0.049519815981580007,0.0038753547928754607,0.0015185047894545627,0.004645217605309423,-0.0041831900291152135,-0.0016727529229484846,0.02345268465535015
54,male,0.04816387778463601,0.003530733604254768,0.0019432182470343934,0.010293556798096565,-0.01616149613782312,-0.016385802207088223,0.0052975813912976115
55,female,0.053251474984020004,0.003912353199933784,0.0016480078627280704,0.0047658525456038174,-0.004255863927015864,-0.004580157477085267,0.022539982512184142
55,male,0.051748007192324,0.0035800357205554305,0.0021337929758260756,0.010745784404942268,-0.01612507705459687,-0.0190763235091261,0.0038775415233326133
56,female,0.056983133986459995,0.003949527084081717,0.0017604187722560821,0.004890603250057419,-0.004328402604954508,-0.007481532075076535,0.02162728118199604
56,male,0.055332136600012,0.0036295254711037417,0.0022999598616955065,0.011218490446953854,-0.01608852845012944,-0.021760488054367377,0.002457558997657844
57,female,0.0607147929889,0.004054425504259691,0.0018959840029113962,0.005019600251203463,-0.004400806112737753,-0.010376891540105968,0.02071458066490776
57,male,0.0589162660077,0.0037480038297656323,0.002487581151832283,0.01171261906184543,-0.01605185037159732,-0.024438311976992918,0.0010376337997178714
58,female,0.06516338599586,0.004433080750962186,0.0021637111755107375,0.005152979062583374,-0.004473074500113689,-0.013266250658607646,0.01980188095971047
58,male,0.06339841659412,0.0041435595750636345,0.002818723421902057,0.01222915850309992,-0.0160150428659444,-0.027109811370287652,-0.0003822340835561971
59,female,0.06961197900281998,0.00488470741013642,0.002434134601342928,0.005290880330008881,-0.004545207816707511,-0.016149624180864228,0.01888918206904185
59,male,0.06788056718054,0.0046090323975785125,0.0031479594283029,0.012769143222345136,-0.015978105980181075,-0.02977500228646715,-0.0018020446651948446
60,female,0.07406057200977999,0.005340496292298809,0.0026717976787753927,0.005433449990333045,-0.004617206112570182,-0.019027026820843205,0.017976483989698012
60,male,0.07236271776696,0.005076561019109707,0.0034369206165898018,0.013333656050883498,-0.015941039761217163,-0.032433900736951356,-0.0032217979607793556
61,female,0.07850916501673999,0.005770305655943526,0.0028790991500047746,0.004514042472906492,-0.003177269700302802,-0.018033627157627987,0.026896306161892636
61,male,0.07684486835338,0.005553862201406515,0.003685569283798251,0.012601659120525141,-0.014507046795923163,-0.03141877004418464,0.0054280531226598115
62,female,0.08295775802369999,0.006254878771627633,0.0030884325204403327,0.0037502148533625113,-0.0017363518302388335,-0.017039995930093938,0.03591989288045677
62,male,0.08132701893980002,0.006095199193744456,0.003954678869585676,0.01191139489984965,-0.013072084573627275,-0.030403482058772673,0.0141777044090194
63,female,0.09041031639448,0.006958340316797346,0.0033738576019577927,0.0031156394981542274,-0.00029445152784992874,-0.016046133026338904,0.045048292128469405
63,male,0.089178125158568,0.0068837252746740815,0.004385788742112222,0.011260370235315778,-0.01163615213056599,-0.02938803671742898,0.0230281491995902
64,female,0.09786287476526,0.007709992317261727,0.0036419914400676805,0.002588444135096527,0.0011484321821899554,-0.015052038333679357,0.05428256247240101
64,male,0.097029231377336,0.007734963776824956,0.0047960767407181455,0.010646249659825769,-0.01019924850216445,-0.028372433957235325,0.0319803906798145
65,female,0.10531543313604,0.008461031017276459,0.0038707484041805578,0.0021504578614937016,0.0025923002763771465,-0.014057711739685449,0.0636237731723738
65,male,0.104880337596104,0.008592137240262672,0.005142864201496721,0.010066844718881165,-0.008761372722882334,-0.02735667371439076,0.04103544202461069
66,female,0.11276799150682,0.009211456416841542,0.004067993454207819,0.001786584755832891,0.004037153732028648,-0.013063153131704296,0.07307300428433804
66,male,0.112731443814872,0.009455245664987231,0.0054395036698944,0.009520104077892798,-0.007322523825910124,-0.02634075592578897,0.05019432648732772
67,female,0.1202205498776,0.009915209382592039,0.004284085777657838,0.0014842834971780094,0.005482993527446014,-0.012068362397476367,0.08263134677570322
67,male,0.12058255003363998,0.010317144008447602,0.005756016499203775,0.009004104348221893,-0.005882700843968682,-0.02532468052832478,0.059458077509844345
68,female,0.13051261186224,0.010434600550651062,0.004650051471680491,0.0012331350513700926,0.006929820641987168,-0.011073339424043793,0.09229990263028533
68,male,0.13215292285105198,0.011158580548719153,0.0062697868611140545,0.00851704157522081,-0.004441902808381521,-0.024308447457926766,0.06882773881861091
69,female,0.14080467384688,0.010911064135794991,0.005007425903744388,0.0010244835196046177,0.008377636055979267,-0.010078084098589145,0.10207978496106992
69,male,0.143723295668464,0.012006605523236314,0.006762601897269809,0.008057223336386978,-0.0030001287498178106,-0.023292056651661387,0.07830436452550811
70,female,0.15109673583152,0.011387136164711466,0.005314379309488877,0.0008511377674249854,0.009826440750415822,-0.009082596308774078,0.11197211812486466
70,male,0.155293668485876,0.012860334455496862,0.007179382405581893,0.007623061401979974,-0.001557377697963153,-0.02227550804587644,0.0878890192377927
71,female,0.16138879781615997,0.011862816637400485,0.005580596007069636,0.0012781405870337867,0.01134700279910828,-0.008462180311522136,0.10275108829048617
71,male,0.16686404130328802,0.013719767345500788,0.007536027212800685,0.009310763643643805,-5.29540691682779e-05,-0.021630438252819087,0.07838738419040536
72,female,0.1716808598008,0.012328283575770631,0.0058407204233774405,0.0019193666481888917,0.01286870159830136,-0.00784175332986481,0.09358507721610804
72,male,0.17843441412070002,0.014549274943958032,0.007896955476067,0.011373304015703262,0.0014525729082311908,-0.020985368011591336,0.06894508554342202
73,female,0.18345412184639998,0.012755226396100317,0.006178847236297316,0.002882290944210058,0.01439153835674593,-0.0072213153627836936,0.08447370010931123
73,male,0.19296101325700002,0.015241055930865041,0.008420442887063407,0.013894167821606618,0.0029592043988666394,-0.02034029732163565,0.059561689925314035
74,female,0.195227383892,0.013176218736636738,0.006502750695232027,0.0043283088922304175,0.015915514284377038,-0.006600866408896884,0.07541657486870343
74,male,0.2074876123933,0.015902643336626575,0.008920740783363211,0.01697548101228259,0.0044669415687828996,-0.01969522618337912,0.05023676713057458
75,female,0.20700064593759998,0.013596863217698462,0.006788028972511534,0.006499788635514054,0.017440630592280598,-0.005980406467072853,0.06641332206621609
75,male,0.22201421152960005,0.016568449684811547,0.009352592863432756,0.020742181619787615,0.005975785585071489,-0.0190501545967497,0.04096989009425942
76,female,0.21877390798319998,0.014433018965960519,0.007024024109254729,0.009016810654250567,0.018399577084826528,-0.006985886033955568,0.05916550085697632
76,male,0.2365408106659,0.017545585026755413,0.009709867087921233,0.024131570512560655,0.006161058339841529,-0.020117106006033315,0.035734676677327354
77,female,0.23054717002879999,0.015220027343854508,0.00719671726153472,0.012579609689685295,0.019359666383895878,-0.007991354610556504,0.05197080117051932
77,male,0.2510674098022,0.018443965812100924,0.009969355145513717,0.02816703595525326,0.0063474402788219544,-0.02118405696667514,0.030556664224683755
78,female,0.23054717002879999,0.015720965149063824,0.00720923952845693,0.017636364807950947,0.020320899704843798,-0.00899681219580082,0.04482885148417737
78,male,0.2510674098022,0.018933195900423954,0.009993153636793452,0.03297394236002565,0.00653493257291023,-0.022251007479026447,0.025435434962314867
79,female,0.23054717002879999,0.0161436742628504,0.007182827388373168,0.024831853067322093,0.02128327826367002,-0.010002258788417007,0.03773928287529453
79,male,0.2510674098022,0.019312773183160506,0.009961090864539474,0.03870322095568779,0.006723536393743938,-0.02331795754302185,0.020370574168148404
80,female,0.23054717002879999,0.01656638337663697,0.007156415248289406,0.035095058908042896,0.022246803278290313,-0.011007694387555618,0.03070172899840593
80,male,0.2510674098022,0.01969235046589705,0.009929028092285493,0.045536586178873184,0.006913252914884968,-0.024384907158318727,0.015361670149795812
81,female,0.23054717002879999,0.016989092490423543,0.007130003108205642,0.03304978599350457,0.02203437116302113,-0.01204018421997387,0.03183657574861308
81,male,0.2510674098022,0.020071927748633603,0.009896965320031514,0.04400538973835814,0.005944741058302607,-0.025481706467727846,0.018519361961076525
82,female,0.23054717002879999,0.017411801604210114,0.0071035909681218794,0.03121687819834312,0.021821948219234173,-0.013072668023348418,0.032972013453157506
82,male,0.2510674098022,0.02045150503137015,0.009864902547777533,0.042610031822110095,0.004976239795116197,-0.02657850569549926,0.021677358277182552
83,female,0.23054717002879999,0.017834510717996688,0.007077178828038116,0.0295649565971074,0.021609534445960896,-0.014105145797236606,0.03410804255827755
83,male,0.2510674098022,0.020831082314106696,0.009832839775523555,0.041333921313676095,0.004007749124406454,-0.02767530484147411,0.024835659266174856
84,female,0.23054717002879999,0.018257219831783262,0.007050766687954353,0.028068533809999623,0.021397129842680166,-0.015137617541083441,0.03524466350511101
84,male,0.2510674098022,0.021210659596843248,0.009800777003269576,0.04016307276296875,0.003039269045197726,-0.028772103906041756,0.02799426509256002
85,female,0.23054717002879999,0.01867992894556983,0.007024354547870591,0.026706693288936996,0.02118473440842299,-0.01617008325393979,0.03638187673820291
85,male,0.2510674098022,0.021590236879579793,0.009768714231015595,0.03908561430471464,0.002070799556321382,-0.02986890288850229,0.031153175922526484
86,female,0.23054717002879999,0.0191026380593564,0.006997942407786829,0.025462108637555218,0.020972348142246758,-0.01720254293645969,0.03751968270332987
86,male,0.2510674098022,0.02196981416231634,0.009736651458761614,0.0380914030352643,0.0011023406566105756,-0.030965701789584486,0.034312391919572575
87,female,0.23054717002879999,0.019525347173142974,0.0069715302677030655,0.024320305030493736,0.020759971043301722,-0.01823499658735694,0.03865808184531758
87,male,0.2510674098022,0.02234939144505289,0.009704588686507637,0.037171721432405505,0.00013389234499662535,-0.0320625006088459,0.03747191325051168
88,female,0.23054717002879999,0.019948056286929538,0.006945118127619303,0.023269095759738342,0.020547603110774984,-0.019267444206301023,0.03979707461037507
88,male,0.2510674098022,0.022728968727789435,0.009672525914253657,0.036319035571414034,-0.0008345453793184042,-0.033159299346584625,0.04063174008409377
89,female,0.23054717002879999,0.020370765400716116,0.00691870598753554,0.02229814730413126,0.020335244343514355,-0.020299885792877746,0.040936661442377516
89,male,0.2510674098022,0.023108546010525987,0.009640463141999678,0.035526800943794345,-0.0018029725179210193,-0.03425609800288529,0.043791872579491506
90,female,0.23054717002879999,0.020793474514502686,0.006892293847451777,0.021398639972413563,0.020122894741107015,-0.021332321346587475,0.04207684278652045
90,male,0.2510674098022,0.02348812329326253,0.009608400369745697,0.03478930529108197,-0.002771389071438822,-0.03535289657682607,0.04695231090726865
91,female,0.23054717002879999,0.020942318173621653,0.00719065707893755,0.008153747394643788,0.022863494630895313,-0.01587973279975076,0.02577698171061707
91,male,0.2510674098022,0.023795627773020703,0.009969933207423889,0.012245389451962626,0.00018297488191168759,-0.029980566205126673,0.029700449022345966
92,female,0.23054717002879999,0.02174689726664913,0.008059468188284933,0.0031074112834534127,0.02560605339508583,-0.010423246920238022,0.00949113043790463
92,male,0.2510674098022,0.024553490612186965,0.01147167012229938,0.004312935631777561,0.0031394386340438136,-0.02460463540574064,0.012464306820355774
93,female,0.30761531601574,0.025211423110869286,0.011118144285365856,0.0011844285561721454,0.02835056831282016,-0.004962855974283417,-0.0067807620489777
93,male,0.32860671218156,0.02715070759839616,0.017345310716203256,0.0015199652155430475,0.006097999141679064,-0.01922509726307984,-0.004756176834928523
94,female,0.38468346200268,0.0293850506451982,0.013889673909957023,0.0004515293154935515,0.031097036667026633,0.0005014477863761087,-0.023038746578502065
94,male,0.40614601456092003,0.030255924718128758,0.022710210634791093,0.0005359722766055819,0.00905865336631675,-0.013841944848441,-0.021961062837674808
95,female,0.46175160798962,0.033614307274761716,0.01599111284365778,0.0001721584539559317,0.033845455744597484,0.005969672126000883,-0.03928287379926944
95,male,0.48368531694028005,0.03342989255853748,0.026749562657450147,0.00018909827398237605,0.012021398273450674,-0.008455171219505526,-0.03915041184783239
96,female,0.5388197539765599,0.03789919299955984,0.017722438553068983,6.564996542936982e-05,0.03659582283558828,0.011441824824656513,-0.05551319417544931
96,male,0.56122461931964,0.036672611119622306,0.030034612172765304,6.675114140870793e-05,0.014986230833302534,-0.0030647694203107985,-0.05632428429103313
97,female,0.6158878999635,0.04156083424323108,0.01911323523237012,2.503818699482532e-05,0.039348135234537306,0.01691791367642414,-0.07172975798335098
97,male,0.638763921699,0.039504993988798844,0.0326064495346238,2.3574677369383466e-05,0.017953148020282392,0.002329267517091116,-0.07348274035429138
98,female,0.6158878999635,0.04156083424323108,0.01911323523237012,2.503818699482532e-05,0.039348135234537306,0.01691791367642414,-0.07172975798335098
98,male,0.638763921699,0.039504993988798844,0.0326064495346238,2.3574677369383466e-05,0.017953148020282392,0.002329267517091116,-0.07348274035429138
99,female,0.6158878999635,0.04156083424323108,0.01911323523237012,2.503818699482532e-05,0.039348135234537306,0.01691791367642414,-0.07172975798335098
99,male,0.638763921699,0.039504993988798844,0.0326064495346238,2.3574677369383466e-05,0.017953148020282392,0.002329267517091116,-0.07348274035429138
100,female,0.6158878999635,0.04156083424323108,0.01911323523237012,2.503818699482532e-05,0.039348135234537306,0.01691791367642414,-0.07172975798335098
100,male,0.638763921699,0.039504993988798844,0.0326064495346238,2.3574677369383466e-05,0.017953148020282392,0.002329267517091116,-0.07348274035429138
101,female,0.6158878999635,0.04156083424323108,0.01911323523237012,2.503818699482532e-05,0.039348135234537306,0.01691791367642414,-0.07172975798335098
101,male,0.638763921699,0.039504993988798844,0.0326064495346238,2.3574677369383466e-05,0.017953148020282392,0.002329267517091116,-0.07348274035429138
102,female,0.6158878999635,0.04156083424323108,0.01911323523237012,2.503818699482532e-05,0.039348135234537306,0.01691791367642414,-0.07172975798335098
102,male,0.638763921699,0.039504993988798844,0.0326064495346238,2.3574677369383466e-05,0.017953148020282392,0.002329267517091116,-0.07348274035429138
103,female,0.6158878999635,0.04156083424323108,0.01911323523237012,2.503818699482532e-05,0.039348135234537306,0.01691791367642414,-0.07172975798335098
103,male,0.638763921699,0.039504993988798844,0.0326064495346238,2.3574677369383466e-05,0.017953148020282392,0.002329267517091116,-0.07348274035429138
104,female,0.6158878999635,0.04156083424323108,0.01911323523237012,2.503818699482532e-05,0.039348135234537306,0.01691791367642414,-0.07172975798335098
104,male,0.638763921699,0.039504993988798844,0.0326064495346238,2.3574677369383466e-05,0.017953148020282392,0.002329267517091116,-0.07348274035429138
105,female,0.6158878999635,0.04156083424323108,0.01911323523237012,2.503818699482532e-05,0.039348135234537306,0.01691791367642414,-0.07172975798335098
105,male,0.638763921699,0.039504993988798844,0.0326064495346238,2.3574677369383466e-05,0.017953148020282392,0.002329267517091116,-0.07348274035429138
106,female,0.6158878999635,0.04156083424323108,0.01911323523237012,2.503818699482532e-05,0.039348135234537306,0.01691791367642414,-0.07172975798335098
106,male,0.638763921699,0.039504993988798844,0.0326064495346238,2.3574677369383466e-05,0.017953148020282392,0.002329267517091116,-0.07348274035429138
107,female,0.6158878999635,0.04156083424323108,0.01911323523237012,2.503818699482532e-05,0.039348135234537306,0.01691791367642414,-0.07172975798335098
107,male,0.638763921699,0.039504993988798844,0.0326064495346238,2.3574677369383466e-05,0.017953148020282392,0.002329267517091116,-0.07348274035429138
108,female,0.6158878999635,0.04156083424323108,0.01911323523237012,2.503818699482532e-05,0.039348135234537306,0.01691791367642414,-0.07172975798335098
108,male,0.638763921699,0.039504993988798844,0.0326064495346238,2.3574677369383466e-05,0.017953148020282392,0.002329267517091116,-0.07348274035429138
109,female,0.6158878999635,0.04156083424323108,0.01911323523237012,2.503818699482532e-05,0.039348135234537306,0.01691791367642414,-0.07172975798335098
109,male,0.638763921699,0.039504993988798844,0.0326064495346238,2.3574677369383466e-05,0.017953148020282392,0.002329267517091116,-0.07348274035429138
